date,daily complaints,average_temp,average_wind,precipitation,WDF5,WSF5,wind_direction,N,NE,E,SE,S,SW,W,NW
2020-01-20,1,21.56,39,0,340,103,N,0.0,1.0,0.0,0.0,0.0,0.0,0.0,0.0
2020-03-02,2,29.66,24,3,190,130,S,0.0,0.0,0.0,0.0,1.0,0.0,0.0,0.0
2020-03-03,2,43.88,26,28,170,81,S,0.0,0.0,0.0,0.0,1.0,0.0,0.0,0.0
2020-03-06,1,35.24,50,0,30,174,NE,0.0,0.0,1.0,0.0,0.0,0.0,0.0,0.0
2020-03-07,2,34.52,83,0,360,201,N,0.0,1.0,0.0,0.0,0.0,0.0,0.0,0.0
2020-03-08,1,37.04,26,0,280,89,W,0.0,0.0,0.0,0.0,0.0,0.0,0.0,1.0
2020-03-11,2,44.42,31,0,330,89,NW,0.0,0.0,0.0,1.0,0.0,0.0,0.0,0.0
2020-03-27,1,45.68,50,0,340,165,N,0.0,1.0,0.0,0.0,0.0,0.0,0.0,0.0
2020-04-07,2,45.32,26,0,140,94,SE,0.0,0.0,0.0,0.0,0.0,1.0,0.0,0.0
2020-04-15,1,45.86,35,0,280,134,W,0.0,0.0,0.0,0.0,0.0,0.0,0.0,1.0
2020-04-16,1,39.38,34,0,290,125,W,0.0,0.0,0.0,0.0,0.0,0.0,0.0,1.0
2020-04-21,1,39.74,46,41,150,161,SE,0.0,0.0,0.0,0.0,0.0,1.0,0.0,0.0
2020-04-22,2,37.22,63,0,300,188,NW,0.0,0.0,0.0,1.0,0.0,0.0,0.0,0.0
2020-04-28,4,42.44,43,0,40,125,NE,0.0,0.0,1.0,0.0,0.0,0.0,0.0,0.0
2020-04-29,1,46.22,30,0,140,85,SE,0.0,0.0,0.0,0.0,0.0,1.0,0.0,0.0
2020-05-01,1,49.82,43,244,130,170,SE,0.0,0.0,0.0,0.0,0.0,1.0,0.0,0.0
2020-05-03,1,56.3,30,3,180,89,S,0.0,0.0,0.0,0.0,1.0,0.0,0.0,0.0
2020-05-09,4,41.0,80,89,310,215,NW,0.0,0.0,0.0,1.0,0.0,0.0,0.0,0.0
2020-05-10,3,43.16,61,0,280,165,W,0.0,0.0,0.0,0.0,0.0,0.0,0.0,1.0
2020-05-11,1,51.44,38,51,170,107,S,0.0,0.0,0.0,0.0,1.0,0.0,0.0,0.0
2020-05-13,3,46.58,56,0,290,157,W,0.0,0.0,0.0,0.0,0.0,0.0,0.0,1.0
2020-05-14,1,55.040000000000006,33,0,320,125,NW,0.0,0.0,0.0,1.0,0.0,0.0,0.0,0.0
2020-05-15,1,52.34,30,124,300,148,NW,0.0,0.0,0.0,1.0,0.0,0.0,0.0,0.0
2020-05-18,2,57.02,24,0,150,85,SE,0.0,0.0,0.0,0.0,0.0,1.0,0.0,0.0
2020-05-20,6,53.24,28,0,200,116,S,0.0,0.0,0.0,0.0,1.0,0.0,0.0,0.0
2020-05-22,5,67.82,26,0,150,103,SE,0.0,0.0,0.0,0.0,0.0,1.0,0.0,0.0
2020-05-26,1,58.64,26,0,150,85,SE,0.0,0.0,0.0,0.0,0.0,1.0,0.0,0.0
2020-05-28,1,71.42,45,0,220,116,SW,0.0,0.0,0.0,0.0,0.0,0.0,1.0,0.0
2020-05-31,3,61.88,60,0,300,152,NW,0.0,0.0,0.0,1.0,0.0,0.0,0.0,0.0
2020-06-01,1,51.26,38,0,310,143,NW,0.0,0.0,0.0,1.0,0.0,0.0,0.0,0.0
2020-06-04,4,64.75999999999999,33,0,200,116,S,0.0,0.0,0.0,0.0,1.0,0.0,0.0,0.0
2020-06-06,1,70.88,20,28,340,130,N,0.0,1.0,0.0,0.0,0.0,0.0,0.0,0.0
2020-06-08,1,64.4,47,0,290,134,W,0.0,0.0,0.0,0.0,0.0,0.0,0.0,1.0
2020-06-10,1,58.46,35,5,90,81,E,1.0,0.0,0.0,0.0,0.0,0.0,0.0,0.0
2020-06-12,3,69.98,30,0,190,125,S,0.0,0.0,0.0,0.0,1.0,0.0,0.0,0.0
2020-06-13,1,64.4,30,0,10,85,N,0.0,1.0,0.0,0.0,0.0,0.0,0.0,0.0
2020-06-16,5,64.03999999999999,21,0,150,81,SE,0.0,0.0,0.0,0.0,0.0,1.0,0.0,0.0
2020-06-17,1,65.48,29,0,150,89,SE,0.0,0.0,0.0,0.0,0.0,1.0,0.0,0.0
2020-06-18,3,71.06,27,0,180,94,S,0.0,0.0,0.0,0.0,1.0,0.0,0.0,0.0
2020-06-19,5,77.36,32,0,180,116,S,0.0,0.0,0.0,0.0,1.0,0.0,0.0,0.0
2020-06-20,2,80.78,22,0,160,76,S,0.0,0.0,0.0,0.0,1.0,0.0,0.0,0.0
2020-06-21,1,69.62,31,0,90,81,E,1.0,0.0,0.0,0.0,0.0,0.0,0.0,0.0
2020-06-22,1,65.12,28,0,100,81,E,1.0,0.0,0.0,0.0,0.0,0.0,0.0,0.0
2020-06-23,1,66.92,27,0,140,76,SE,0.0,0.0,0.0,0.0,0.0,1.0,0.0,0.0
2020-06-24,3,70.16,34,0,320,98,NW,0.0,0.0,0.0,1.0,0.0,0.0,0.0,0.0
2020-06-25,1,71.6,31,0,200,107,S,0.0,0.0,0.0,0.0,1.0,0.0,0.0,0.0
2020-06-26,2,71.78,23,0,190,107,S,0.0,0.0,0.0,0.0,1.0,0.0,0.0,0.0
2020-06-27,3,72.68,17,0,190,85,S,0.0,0.0,0.0,0.0,1.0,0.0,0.0,0.0
2020-07-01,1,66.74000000000001,16,0,140,67,SE,0.0,0.0,0.0,0.0,0.0,1.0,0.0,0.0
2020-07-02,5,71.24000000000001,30,81,40,98,NE,0.0,0.0,1.0,0.0,0.0,0.0,0.0,0.0
2020-07-03,2,68.53999999999999,41,15,90,112,E,1.0,0.0,0.0,0.0,0.0,0.0,0.0,0.0
2020-07-07,1,65.66,35,0,180,103,S,0.0,0.0,0.0,0.0,1.0,0.0,0.0,0.0
2020-07-08,2,70.52,31,132,30,174,NE,0.0,0.0,1.0,0.0,0.0,0.0,0.0,0.0
2020-07-12,1,78.62,42,0,250,116,W,0.0,0.0,0.0,0.0,0.0,0.0,0.0,1.0
2020-07-13,4,76.28,14,8,150,94,SE,0.0,0.0,0.0,0.0,0.0,1.0,0.0,0.0
2020-07-14,2,69.44,30,157,340,107,N,0.0,1.0,0.0,0.0,0.0,0.0,0.0,0.0
2020-07-17,1,63.86,27,0,200,94,S,0.0,0.0,0.0,0.0,1.0,0.0,0.0,0.0
2020-07-18,4,75.74000000000001,20,0,280,98,W,0.0,0.0,0.0,0.0,0.0,0.0,0.0,1.0
2020-07-19,1,78.62,33,0,180,98,S,0.0,0.0,0.0,0.0,1.0,0.0,0.0,0.0
2020-07-20,9,83.84,38,0,220,107,SW,0.0,0.0,0.0,0.0,0.0,0.0,1.0,0.0
2020-07-21,5,79.88,27,0,320,81,NW,0.0,0.0,0.0,1.0,0.0,0.0,0.0,0.0
2020-07-22,1,73.03999999999999,20,13,40,49,NE,0.0,0.0,1.0,0.0,0.0,0.0,0.0,0.0
2020-07-23,2,72.14,17,0,140,72,SE,0.0,0.0,0.0,0.0,0.0,1.0,0.0,0.0
2020-07-24,2,76.82,25,0,340,81,N,0.0,1.0,0.0,0.0,0.0,0.0,0.0,0.0
2020-07-25,6,76.46000000000001,20,0,150,72,SE,0.0,0.0,0.0,0.0,0.0,1.0,0.0,0.0
2020-07-26,5,79.34,39,0,250,125,W,0.0,0.0,0.0,0.0,0.0,0.0,0.0,1.0
2020-07-27,1,83.84,33,3,260,94,W,0.0,0.0,0.0,0.0,0.0,0.0,0.0,1.0
2020-07-28,2,85.64,34,0,270,94,W,0.0,0.0,0.0,0.0,0.0,0.0,0.0,1.0
2020-07-29,2,78.98,31,0,180,112,S,0.0,0.0,0.0,0.0,1.0,0.0,0.0,0.0
2020-07-30,1,77.72,31,0,260,98,W,0.0,0.0,0.0,0.0,0.0,0.0,0.0,1.0
2020-07-31,5,75.2,20,0,350,76,N,0.0,1.0,0.0,0.0,0.0,0.0,0.0,0.0
2020-08-01,1,76.46000000000001,26,0,150,81,SE,0.0,0.0,0.0,0.0,0.0,1.0,0.0,0.0
2020-08-03,1,80.78,45,0,280,148,W,0.0,0.0,0.0,0.0,0.0,0.0,0.0,1.0
2020-08-05,1,77.0,42,0,230,107,SW,0.0,0.0,0.0,0.0,0.0,0.0,1.0,0.0
2020-08-06,7,74.84,33,0,290,116,W,0.0,0.0,0.0,0.0,0.0,0.0,0.0,1.0
2020-08-07,7,71.06,22,0,90,72,E,1.0,0.0,0.0,0.0,0.0,0.0,0.0,0.0
2020-08-08,1,72.32,22,0,190,85,S,0.0,0.0,0.0,0.0,1.0,0.0,0.0,0.0
2020-08-10,3,78.25999999999999,19,3,150,63,SE,0.0,0.0,0.0,0.0,0.0,1.0,0.0,0.0
2020-08-11,2,78.08000000000001,28,0,180,112,S,0.0,0.0,0.0,0.0,1.0,0.0,0.0,0.0
2020-08-13,2,78.44,18,0,320,67,NW,0.0,0.0,0.0,1.0,0.0,0.0,0.0,0.0
2020-08-14,2,76.28,26,0,10,85,N,0.0,1.0,0.0,0.0,0.0,0.0,0.0,0.0
2020-08-15,5,70.34,30,0,60,81,NE,0.0,0.0,1.0,0.0,0.0,0.0,0.0,0.0
2020-08-16,2,66.38,34,3,90,85,E,1.0,0.0,0.0,0.0,0.0,0.0,0.0,0.0
2020-08-17,1,67.64,31,0,180,81,S,0.0,0.0,0.0,0.0,1.0,0.0,0.0,0.0
2020-08-18,8,70.52,25,89,150,89,SE,0.0,0.0,0.0,0.0,0.0,1.0,0.0,0.0
2020-08-19,1,68.36,22,0,170,85,S,0.0,0.0,0.0,0.0,1.0,0.0,0.0,0.0
2020-08-20,7,66.02,26,0,310,89,NW,0.0,0.0,0.0,1.0,0.0,0.0,0.0,0.0
2020-08-23,3,69.25999999999999,16,5,160,72,S,0.0,0.0,0.0,0.0,1.0,0.0,0.0,0.0
2020-08-24,4,74.30000000000001,18,0,160,67,S,0.0,0.0,0.0,0.0,1.0,0.0,0.0,0.0
2020-08-25,4,75.92,34,28,320,130,NW,0.0,0.0,0.0,1.0,0.0,0.0,0.0,0.0
2020-08-26,2,68.36,45,0,310,121,NW,0.0,0.0,0.0,1.0,0.0,0.0,0.0,0.0
2020-08-27,6,59.900000000000006,21,0,290,76,W,0.0,0.0,0.0,0.0,0.0,0.0,0.0,1.0
2020-08-28,13,65.66,20,0,150,76,SE,0.0,0.0,0.0,0.0,0.0,1.0,0.0,0.0
2020-08-30,8,66.56,47,0,290,179,W,0.0,0.0,0.0,0.0,0.0,0.0,0.0,1.0
2020-08-31,10,62.06,26,0,170,94,S,0.0,0.0,0.0,0.0,1.0,0.0,0.0,0.0
2020-09-01,5,65.30000000000001,29,0,170,112,S,0.0,0.0,0.0,0.0,1.0,0.0,0.0,0.0
2020-09-02,2,64.75999999999999,29,28,150,103,SE,0.0,0.0,0.0,0.0,0.0,1.0,0.0,0.0
2020-09-03,1,69.98,15,0,210,49,SW,0.0,0.0,0.0,0.0,0.0,0.0,1.0,0.0
2020-09-04,5,71.6,30,0,250,98,W,0.0,0.0,0.0,0.0,0.0,0.0,0.0,1.0
2020-09-05,7,66.92,26,0,280,98,W,0.0,0.0,0.0,0.0,0.0,0.0,0.0,1.0
2020-09-06,1,66.92,19,0,150,85,SE,0.0,0.0,0.0,0.0,0.0,1.0,0.0,0.0
2020-09-08,1,69.98,28,0,160,85,S,0.0,0.0,0.0,0.0,1.0,0.0,0.0,0.0
2020-09-11,2,68.36,45,0,10,107,N,0.0,1.0,0.0,0.0,0.0,0.0,0.0,0.0
2020-09-13,2,58.46,36,0,200,112,S,0.0,0.0,0.0,0.0,1.0,0.0,0.0,0.0
2020-09-14,1,68.72,48,0,320,125,NW,0.0,0.0,0.0,1.0,0.0,0.0,0.0,0.0
2020-09-15,1,53.96,20,0,200,72,S,0.0,0.0,0.0,0.0,1.0,0.0,0.0,0.0
2020-09-16,1,59.36,38,0,230,121,SW,0.0,0.0,0.0,0.0,0.0,0.0,1.0,0.0
2020-09-20,3,51.44,29,0,350,98,N,0.0,1.0,0.0,0.0,0.0,0.0,0.0,0.0
2020-09-21,4,49.64,22,0,120,72,SE,0.0,0.0,0.0,0.0,0.0,1.0,0.0,0.0
2020-09-23,1,67.28,47,0,330,157,NW,0.0,0.0,0.0,1.0,0.0,0.0,0.0,0.0
2020-09-24,2,67.28,19,0,280,98,W,0.0,0.0,0.0,0.0,0.0,0.0,0.0,1.0
2020-09-26,3,58.64,19,0,160,72,S,0.0,0.0,0.0,0.0,1.0,0.0,0.0,0.0
2020-10-01,1,62.06,29,0,150,103,SE,0.0,0.0,0.0,0.0,0.0,1.0,0.0,0.0
2020-10-02,3,55.22,17,13,320,67,NW,0.0,0.0,0.0,1.0,0.0,0.0,0.0,0.0
2020-10-04,2,50.36,17,0,170,54,S,0.0,0.0,0.0,0.0,1.0,0.0,0.0,0.0
2020-10-05,1,51.620000000000005,18,0,360,54,N,0.0,1.0,0.0,0.0,0.0,0.0,0.0,0.0
2020-10-06,1,54.32,38,0,170,112,S,0.0,0.0,0.0,0.0,1.0,0.0,0.0,0.0
2020-10-14,1,55.22,22,0,310,85,NW,0.0,0.0,0.0,1.0,0.0,0.0,0.0,0.0
2020-10-15,3,52.16,39,0,160,148,S,0.0,0.0,0.0,0.0,1.0,0.0,0.0,0.0
2020-10-18,2,42.620000000000005,16,0,210,81,SW,0.0,0.0,0.0,0.0,0.0,0.0,1.0,0.0
2020-10-19,3,45.68,15,0,160,72,S,0.0,0.0,0.0,0.0,1.0,0.0,0.0,0.0
2020-10-23,1,53.96,25,0,110,54,E,1.0,0.0,0.0,0.0,0.0,0.0,0.0,0.0
2020-10-29,3,39.92,21,81,20,134,N,0.0,1.0,0.0,0.0,0.0,0.0,0.0,0.0
2020-11-01,2,39.56,22,150,180,107,S,0.0,0.0,0.0,0.0,1.0,0.0,0.0,0.0
2020-11-04,1,35.24,20,0,220,94,SW,0.0,0.0,0.0,0.0,0.0,0.0,1.0,0.0
2020-11-05,2,43.88,23,0,220,76,SW,0.0,0.0,0.0,0.0,0.0,0.0,1.0,0.0
2020-11-09,1,48.92,9,0,330,40,NW,0.0,0.0,0.0,1.0,0.0,0.0,0.0,0.0
2020-11-10,2,51.26,17,0,200,81,S,0.0,0.0,0.0,0.0,1.0,0.0,0.0,0.0
2020-11-13,1,40.46,33,15,40,76,NE,0.0,0.0,1.0,0.0,0.0,0.0,0.0,0.0
2020-11-19,1,24.44,25,0,210,81,SW,0.0,0.0,0.0,0.0,0.0,0.0,1.0,0.0
2020-11-22,1,34.88,34,3,140,98,SE,0.0,0.0,0.0,0.0,0.0,1.0,0.0,0.0
2020-11-25,1,26.24,19,3,310,63,NW,0.0,0.0,0.0,1.0,0.0,0.0,0.0,0.0
2020-11-27,2,40.46,12,0,350,72,N,0.0,1.0,0.0,0.0,0.0,0.0,0.0,0.0
2020-11-28,3,42.620000000000005,10,0,280,49,W,0.0,0.0,0.0,0.0,0.0,0.0,0.0,1.0
2020-11-30,4,36.32,52,371,160,233,S,0.0,0.0,0.0,0.0,1.0,0.0,0.0,0.0
2020-12-05,2,36.86,63,505,350,219,N,0.0,1.0,0.0,0.0,0.0,0.0,0.0,0.0
2020-12-10,2,32.72,16,0,310,76,NW,0.0,0.0,0.0,1.0,0.0,0.0,0.0,0.0
2020-12-11,1,33.26,11,0,190,89,S,0.0,0.0,0.0,0.0,1.0,0.0,0.0,0.0
2020-12-12,1,33.98,27,94,70,81,E,1.0,0.0,0.0,0.0,0.0,0.0,0.0,0.0
2020-12-18,1,22.46,45,0,10,121,N,0.0,1.0,0.0,0.0,0.0,0.0,0.0,0.0
2020-12-21,3,28.04,13,0,300,49,NW,0.0,0.0,0.0,1.0,0.0,0.0,0.0,0.0
2020-12-24,2,34.7,36,8,160,152,S,0.0,0.0,0.0,0.0,1.0,0.0,0.0,0.0
2021-01-04,1,29.66,43,0,10,89,N,0.0,1.0,0.0,0.0,0.0,0.0,0.0,0.0
2021-01-08,1,29.3,35,0,10,107,N,0.0,1.0,0.0,0.0,0.0,0.0,0.0,0.0
2021-02-11,1,18.86,32,0,330,125,NW,0.0,0.0,0.0,1.0,0.0,0.0,0.0,0.0
2021-03-10,3,34.34,26,0,160,98,S,0.0,0.0,0.0,0.0,1.0,0.0,0.0,0.0
2021-03-17,1,33.08,26,0,160,85,S,0.0,0.0,0.0,0.0,1.0,0.0,0.0,0.0
2021-03-21,3,42.26,25,0,200,94,S,0.0,0.0,0.0,0.0,1.0,0.0,0.0,0.0
2021-03-23,4,41.18,21,0,200,89,S,0.0,0.0,0.0,0.0,1.0,0.0,0.0,0.0
2021-03-24,1,43.52,17,0,160,81,S,0.0,0.0,0.0,0.0,1.0,0.0,0.0,0.0
2021-03-25,1,45.86,12,5,150,54,SE,0.0,0.0,0.0,0.0,0.0,1.0,0.0,0.0
2021-03-26,1,47.66,41,122,280,170,W,0.0,0.0,0.0,0.0,0.0,0.0,0.0,1.0
2021-03-30,3,36.86,35,0,190,121,S,0.0,0.0,0.0,0.0,1.0,0.0,0.0,0.0
2021-04-01,1,46.04,60,196,320,157,NW,0.0,0.0,0.0,1.0,0.0,0.0,0.0,0.0
2021-04-02,1,32.18,46,0,330,112,NW,0.0,0.0,0.0,1.0,0.0,0.0,0.0,0.0
2021-04-07,1,48.56,31,0,360,98,N,0.0,1.0,0.0,0.0,0.0,0.0,0.0,0.0
2021-04-08,2,51.98,25,0,130,72,SE,0.0,0.0,0.0,0.0,0.0,1.0,0.0,0.0
2021-04-10,4,52.52,29,0,190,98,S,0.0,0.0,0.0,0.0,1.0,0.0,0.0,0.0
2021-04-12,1,44.78,43,0,90,121,E,1.0,0.0,0.0,0.0,0.0,0.0,0.0,0.0
2021-04-15,1,44.96,31,0,150,89,SE,0.0,0.0,0.0,0.0,0.0,1.0,0.0,0.0
2021-04-19,1,46.94,22,0,170,98,S,0.0,0.0,0.0,0.0,1.0,0.0,0.0,0.0
2021-04-20,3,51.08,36,0,280,170,W,0.0,0.0,0.0,0.0,0.0,0.0,0.0,1.0
2021-04-25,2,49.1,16,3,200,85,S,0.0,0.0,0.0,0.0,1.0,0.0,0.0,0.0
2021-04-27,12,48.56,31,0,300,98,NW,0.0,0.0,0.0,1.0,0.0,0.0,0.0,0.0
2021-04-28,1,50.72,15,38,190,72,S,0.0,0.0,0.0,0.0,1.0,0.0,0.0,0.0
2021-04-30,1,49.28,37,163,280,125,W,0.0,0.0,0.0,0.0,0.0,0.0,0.0,1.0
2021-05-01,1,48.74,52,5,310,148,NW,0.0,0.0,0.0,1.0,0.0,0.0,0.0,0.0
2021-05-05,1,46.58,30,127,90,72,E,1.0,0.0,0.0,0.0,0.0,0.0,0.0,0.0
2021-05-06,1,51.620000000000005,43,0,340,139,N,0.0,1.0,0.0,0.0,0.0,0.0,0.0,0.0
2021-05-07,5,48.56,23,0,170,94,S,0.0,0.0,0.0,0.0,1.0,0.0,0.0,0.0
2021-05-13,3,55.76,33,0,300,121,NW,0.0,0.0,0.0,1.0,0.0,0.0,0.0,0.0
2021-05-14,3,58.64,28,0,310,121,NW,0.0,0.0,0.0,1.0,0.0,0.0,0.0,0.0
2021-05-16,1,59.540000000000006,20,0,100,103,E,1.0,0.0,0.0,0.0,0.0,0.0,0.0,0.0
2021-05-18,1,61.16,30,0,320,112,NW,0.0,0.0,0.0,1.0,0.0,0.0,0.0,0.0
2021-06-01,2,60.98,34,0,240,121,SW,0.0,0.0,0.0,0.0,0.0,0.0,1.0,0.0
2021-06-02,4,65.12,33,0,200,107,S,0.0,0.0,0.0,0.0,1.0,0.0,0.0,0.0
2021-06-05,1,70.52,34,0,190,121,S,0.0,0.0,0.0,0.0,1.0,0.0,0.0,0.0
2021-06-10,2,66.02,31,0,350,89,N,0.0,1.0,0.0,0.0,0.0,0.0,0.0,0.0
2021-06-16,1,63.31999999999999,46,0,350,130,N,0.0,1.0,0.0,0.0,0.0,0.0,0.0,0.0
2021-06-18,2,64.58000000000001,33,0,170,107,S,0.0,0.0,0.0,0.0,1.0,0.0,0.0,0.0
2021-06-20,2,74.48,30,0,180,112,S,0.0,0.0,0.0,0.0,1.0,0.0,0.0,0.0
2021-06-24,3,61.16,25,0,180,121,S,0.0,0.0,0.0,0.0,1.0,0.0,0.0,0.0
2021-06-29,1,85.46000000000001,37,0,290,107,W,0.0,0.0,0.0,0.0,0.0,0.0,0.0,1.0
2021-07-05,1,59.72,30,0,180,98,S,0.0,0.0,0.0,0.0,1.0,0.0,0.0,0.0
2021-07-09,1,60.98,30,592,10,139,N,0.0,1.0,0.0,0.0,0.0,0.0,0.0,0.0
2021-07-10,1,67.28,18,0,150,72,SE,0.0,0.0,0.0,0.0,0.0,1.0,0.0,0.0
2021-07-12,1,68.36,15,25,180,63,S,0.0,0.0,0.0,0.0,1.0,0.0,0.0,0.0
2021-07-16,2,75.02,28,0,260,107,W,0.0,0.0,0.0,0.0,0.0,0.0,0.0,1.0
2021-07-17,1,72.86,17,0,10,67,N,0.0,1.0,0.0,0.0,0.0,0.0,0.0,0.0
2021-07-20,3,70.7,12,224,10,148,N,0.0,1.0,0.0,0.0,0.0,0.0,0.0,0.0
2021-07-21,1,70.88,33,102,320,94,NW,0.0,0.0,0.0,1.0,0.0,0.0,0.0,0.0
2021-07-22,1,68.53999999999999,30,0,350,89,N,0.0,1.0,0.0,0.0,0.0,0.0,0.0,0.0
2021-07-23,1,67.46000000000001,24,41,360,125,N,0.0,1.0,0.0,0.0,0.0,0.0,0.0,0.0
2021-07-24,1,65.12,22,0,150,72,SE,0.0,0.0,0.0,0.0,0.0,1.0,0.0,0.0
2021-07-29,3,62.42,35,386,140,143,SE,0.0,0.0,0.0,0.0,0.0,1.0,0.0,0.0
2021-07-31,2,63.14,26,0,280,85,W,0.0,0.0,0.0,0.0,0.0,0.0,0.0,1.0
2021-08-01,3,64.22,26,0,160,89,S,0.0,0.0,0.0,0.0,1.0,0.0,0.0,0.0
2021-08-02,2,67.64,34,0,320,130,NW,0.0,0.0,0.0,1.0,0.0,0.0,0.0,0.0
2021-08-03,2,65.84,27,0,190,98,S,0.0,0.0,0.0,0.0,1.0,0.0,0.0,0.0
2021-08-04,5,67.46000000000001,18,0,150,67,SE,0.0,0.0,0.0,0.0,0.0,1.0,0.0,0.0
2021-08-07,1,72.68,21,0,190,72,S,0.0,0.0,0.0,0.0,1.0,0.0,0.0,0.0
2021-08-08,1,74.66,23,0,150,72,SE,0.0,0.0,0.0,0.0,0.0,1.0,0.0,0.0
2021-08-11,1,71.42,19,0,180,76,S,0.0,0.0,0.0,0.0,1.0,0.0,0.0,0.0
2021-08-15,1,69.62,28,0,340,103,N,0.0,1.0,0.0,0.0,0.0,0.0,0.0,0.0
2021-08-16,2,66.38,20,0,150,76,SE,0.0,0.0,0.0,0.0,0.0,1.0,0.0,0.0
2021-08-17,2,67.28,16,0,140,72,SE,0.0,0.0,0.0,0.0,0.0,1.0,0.0,0.0
2021-08-23,2,65.12,27,0,90,81,E,1.0,0.0,0.0,0.0,0.0,0.0,0.0,0.0
2021-08-24,1,72.68,17,23,270,76,W,0.0,0.0,0.0,0.0,0.0,0.0,0.0,1.0
2021-08-26,2,77.36,19,0,160,81,S,0.0,0.0,0.0,0.0,1.0,0.0,0.0,0.0
2021-08-27,1,77.72,27,0,330,94,NW,0.0,0.0,0.0,1.0,0.0,0.0,0.0,0.0
2021-08-30,1,70.7,35,5,220,89,SW,0.0,0.0,0.0,0.0,0.0,0.0,1.0,0.0
2021-08-31,9,71.06,27,0,260,89,W,0.0,0.0,0.0,0.0,0.0,0.0,0.0,1.0
2021-09-03,1,63.31999999999999,43,0,300,116,NW,0.0,0.0,0.0,1.0,0.0,0.0,0.0,0.0
2021-09-04,3,65.48,29,0,310,116,NW,0.0,0.0,0.0,1.0,0.0,0.0,0.0,0.0
2021-09-06,2,67.28,28,64,280,161,W,0.0,0.0,0.0,0.0,0.0,0.0,0.0,1.0
2021-09-09,1,67.82,29,163,190,107,S,0.0,0.0,0.0,0.0,1.0,0.0,0.0,0.0
2021-09-10,1,66.92,36,97,300,134,NW,0.0,0.0,0.0,1.0,0.0,0.0,0.0,0.0
2021-09-11,1,61.34,30,0,280,103,W,0.0,0.0,0.0,0.0,0.0,0.0,0.0,1.0
2021-09-14,1,60.620000000000005,29,0,190,85,S,0.0,0.0,0.0,0.0,1.0,0.0,0.0,0.0
2021-09-15,1,67.46000000000001,40,43,300,148,NW,0.0,0.0,0.0,1.0,0.0,0.0,0.0,0.0
2021-09-17,1,60.26,17,0,90,58,E,1.0,0.0,0.0,0.0,0.0,0.0,0.0,0.0
2021-09-19,2,63.68000000000001,31,0,20,98,N,0.0,1.0,0.0,0.0,0.0,0.0,0.0,0.0
2021-09-20,2,57.74,20,0,170,67,S,0.0,0.0,0.0,0.0,1.0,0.0,0.0,0.0
2021-09-21,2,58.64,17,0,150,85,SE,0.0,0.0,0.0,0.0,0.0,1.0,0.0,0.0
2021-09-25,1,65.66,19,3,90,63,E,1.0,0.0,0.0,0.0,0.0,0.0,0.0,0.0
2021-10-05,1,56.3,16,0,60,63,NE,0.0,0.0,1.0,0.0,0.0,0.0,0.0,0.0
2021-10-08,1,56.84,36,0,110,130,E,1.0,0.0,0.0,0.0,0.0,0.0,0.0,0.0
2021-10-10,1,52.34,11,0,150,63,SE,0.0,0.0,0.0,0.0,0.0,1.0,0.0,0.0
2021-10-18,2,49.28,32,0,340,98,N,0.0,1.0,0.0,0.0,0.0,0.0,0.0,0.0
2021-10-22,1,59.18,25,3,280,98,W,0.0,0.0,0.0,0.0,0.0,0.0,0.0,1.0
2021-10-26,1,46.22,65,254,30,165,NE,0.0,0.0,1.0,0.0,0.0,0.0,0.0,0.0
2021-11-03,2,42.26,25,0,320,89,NW,0.0,0.0,0.0,1.0,0.0,0.0,0.0,0.0
2021-11-04,1,36.68,13,0,150,72,SE,0.0,0.0,0.0,0.0,0.0,1.0,0.0,0.0
2021-11-06,7,36.32,20,0,180,76,S,0.0,0.0,0.0,0.0,1.0,0.0,0.0,0.0
2021-11-08,1,42.08,14,0,300,76,NW,0.0,0.0,0.0,1.0,0.0,0.0,0.0,0.0
2021-11-09,1,45.14,9,0,300,45,NW,0.0,0.0,0.0,1.0,0.0,0.0,0.0,0.0
2021-11-10,1,48.92,30,13,310,98,NW,0.0,0.0,0.0,1.0,0.0,0.0,0.0,0.0
2021-11-28,1,28.58,16,0,190,54,S,0.0,0.0,0.0,0.0,1.0,0.0,0.0,0.0
2021-12-01,1,35.42,29,0,270,125,W,0.0,0.0,0.0,0.0,0.0,0.0,0.0,1.0
2021-12-06,2,41.18,47,114,280,206,W,0.0,0.0,0.0,0.0,0.0,0.0,0.0,1.0
2021-12-08,1,26.96,44,10,350,94,N,0.0,1.0,0.0,0.0,0.0,0.0,0.0,0.0
2021-12-10,1,22.82,23,5,30,58,NE,0.0,0.0,1.0,0.0,0.0,0.0,0.0,0.0
2021-12-12,1,44.24,62,25,260,170,W,0.0,0.0,0.0,0.0,0.0,0.0,0.0,1.0
2021-12-15,1,30.56,17,43,180,89,S,0.0,0.0,0.0,0.0,1.0,0.0,0.0,0.0
2021-12-16,1,40.46,12,107,180,89,S,0.0,0.0,0.0,0.0,1.0,0.0,0.0,0.0
2021-12-22,1,29.66,34,91,290,107,W,0.0,0.0,0.0,0.0,0.0,0.0,0.0,1.0
2021-12-28,1,30.38,20,23,280,76,W,0.0,0.0,0.0,0.0,0.0,0.0,0.0,1.0
2022-01-19,1,18.68,23,0,200,116,S,0.0,0.0,0.0,0.0,1.0,0.0,0.0,0.0
2022-02-12,1,44.78,42,0,250,157,W,0.0,0.0,0.0,0.0,0.0,0.0,0.0,1.0
2022-03-07,1,48.38,28,107,260,148,W,0.0,0.0,0.0,0.0,0.0,0.0,0.0,1.0
2022-03-18,1,46.94,19,0,30,67,NE,0.0,0.0,1.0,0.0,0.0,0.0,0.0,0.0
2022-03-21,1,44.42,76,0,320,219,NW,0.0,0.0,0.0,1.0,0.0,0.0,0.0,0.0
2022-04-01,1,48.38,35,84,290,139,W,0.0,0.0,0.0,0.0,0.0,0.0,0.0,1.0
2022-04-05,2,44.42,30,0,290,107,W,0.0,0.0,0.0,0.0,0.0,0.0,0.0,1.0
